{"Hierarchical BUC": {"db_R10": {"duration_seconds": 0.0, "success": true}, "db_R100": {"duration_seconds": 0.020956754684448242, "success": true}, "db_R500": {"duration_seconds": 0.025249242782592773, "success": true}, "db_R50000": {"duration_seconds": 0.2757735252380371, "success": true}, "db_R1000000": {"duration_seconds": 7.514913320541382, "success": true}}, "Hierarchical Star-Cubing": {"db_R10": {"duration_seconds": 0.004189900000000001, "success": true}, "db_R100": {"duration_seconds": 0.022073100000000002, "success": true}, "db_R500": {"duration_seconds": 0.053862499999999994, "success": true}, "db_R50000": {"duration_seconds": 0.41485289999999997, "success": true}, "db_R1000000": {"duration_seconds": 9.901777000000001, "success": true}}, "Hierarchical ClosetCube": {"db_R10": {"duration_seconds": 0.0023532, "success": true}, "db_R100": {"duration_seconds": 0.020121599999999996, "success": true}, "db_R500": {"duration_seconds": 0.039736600000000004, "success": true}, "db_R50000": {"duration_seconds": 0.8554453, "success": true}, "db_R1000000": {"duration_seconds": 2.7833579, "success": true}}}